Structure_id, num_vox, conf_matrix_00, conf_matrix_01, conf_matrix_10, conf_matrix_11, accuracy, auc
1a4t, 267, 145, 4, 111, 7, 56.93, 0.76
1aq3, 6012, 5719, 60, 232, 1, 95.14, 0.64
1aq4, 6016, 5740, 21, 255, 0, 95.41, 0.71
1asy, 15216, 13989, 62, 1109, 56, 92.3, 0.75
1asz, 15231, 13985, 81, 1114, 51, 92.15, 0.74
1b23, 6182, 5802, 33, 346, 1, 93.87, 0.71
1b2m, 3037, 2873, 0, 164, 0, 94.6, 0.57
1b7f, 5138, 4455, 37, 556, 90, 88.46, 0.83
1c0a, 9004, 8340, 52, 597, 15, 92.79, 0.66
1c9s, 23951, 22342, 202, 1001, 406, 94.98, 0.94
1d6k, 1429, 1105, 19, 304, 1, 77.4, 0.63
1dfu, 1394, 1151, 12, 231, 0, 82.57, 0.77
1di2, 1982, 1679, 18, 268, 17, 85.57, 0.74
1dk1, 1274, 952, 10, 312, 0, 74.73, 0.7
1dul, 797, 630, 0, 167, 0, 79.05, 0.62
1efw, 18077, 17391, 127, 544, 15, 96.29, 0.7
1ekz, 1154, 1015, 0, 131, 8, 88.65, 0.6
1euq, 8192, 7443, 54, 669, 26, 91.17, 0.75
1euy, 8150, 7443, 27, 642, 38, 91.79, 0.75
1exd, 8204, 7415, 16, 755, 18, 90.6, 0.75
1exy, 230, 59, 0, 162, 9, 29.57, 0.68
1f7u, 9327, 8542, 19, 758, 8, 91.67, 0.7
1f7v, 9351, 8695, 47, 595, 14, 93.13, 0.69
1f7y, 1278, 937, 12, 328, 1, 73.4, 0.7
1feu, 5673, 5202, 49, 422, 0, 91.7, 0.74
1ffy, 14147, 13361, 68, 713, 5, 94.48, 0.7
1fje, 2543, 2111, 8, 400, 24, 83.96, 0.77
1fjg, 37859, 28240, 352, 8769, 498, 75.91, 0.78
1fnx, 2618, 2165, 2, 434, 17, 83.35, 0.73
1g1x, 7353, 5929, 74, 1300, 50, 81.31, 0.69
1g59, 14470, 13079, 62, 1302, 27, 90.57, 0.66
1gax, 26981, 25240, 172, 1550, 19, 93.62, 0.66
1gtf, 23839, 22231, 354, 780, 474, 95.24, 0.94
1gtn, 23991, 22498, 245, 825, 423, 95.54, 0.93
1gtr, 8228, 7542, 8, 658, 20, 91.91, 0.75
1gts, 8204, 7522, 10, 641, 31, 92.06, 0.73
1h2c, 1818, 1761, 8, 49, 0, 96.86, 0.74
1h2d, 3645, 3492, 23, 122, 8, 96.02, 0.82
1h3e, 6568, 6188, 34, 342, 4, 94.28, 0.73
1h4q, 14296, 13880, 83, 324, 9, 97.15, 0.74
1h4s, 14582, 14131, 118, 310, 23, 97.06, 0.72
1hc8, 2194, 1605, 0, 589, 0, 73.15, 0.57
1hji, 353, 218, 6, 105, 24, 68.56, 0.7
1hq1, 1093, 915, 0, 178, 0, 83.71, 0.62
1i5l, 15458, 14923, 172, 343, 20, 96.67, 0.61
1i6u, 3836, 3249, 38, 545, 4, 84.8, 0.71
1i9f, 295, 122, 13, 152, 8, 44.07, 0.45
1ibl, 37664, 28242, 330, 8531, 561, 76.47, 0.78
1il2, 18204, 17211, 32, 929, 32, 94.72, 0.75
1ivs, 26942, 25226, 182, 1514, 20, 93.7, 0.64
1j1u, 4629, 4437, 15, 177, 0, 95.85, 0.62
1j5e, 37687, 28139, 366, 8681, 501, 75.99, 0.78
1jbr, 4462, 4102, 15, 342, 3, 92.0, 0.68
1jbs, 4489, 4083, 51, 340, 15, 91.29, 0.68
1jbt, 4428, 4067, 0, 361, 0, 91.85, 0.69
1jj2, 58411, 38349, 189, 19203, 670, 66.8, 0.75
1k73, 58522, 38454, 194, 19245, 629, 66.78, 0.75
1k8a, 58454, 38393, 179, 19187, 695, 66.87, 0.75
1k8w, 4426, 4014, 18, 386, 8, 90.87, 0.7
1k9m, 58449, 38397, 185, 19215, 652, 66.81, 0.75
1kc8, 58481, 38354, 201, 19230, 696, 66.77, 0.75
1kd1, 58361, 38273, 216, 19206, 666, 66.72, 0.75
1kq2, 5465, 5116, 27, 307, 15, 93.89, 0.7
1kqs, 58503, 38453, 190, 19289, 571, 66.7, 0.75
1kuq, 1310, 963, 6, 336, 5, 73.89, 0.71
1l1c, 1688, 1345, 0, 335, 8, 80.15, 0.76
1l9a, 1321, 1067, 0, 254, 0, 80.77, 0.76
1lng, 1318, 1031, 0, 287, 0, 78.22, 0.72
1m8v, 15360, 13424, 53, 1815, 68, 87.84, 0.64
1m90, 58459, 38388, 228, 19240, 603, 66.7, 0.75
1mji, 5483, 4747, 29, 659, 48, 87.45, 0.76
1mms, 3130, 2465, 4, 657, 4, 78.88, 0.6
1mnb, 208, 44, 0, 164, 0, 21.15, 0.53
1mzp, 3214, 2878, 13, 294, 29, 90.45, 0.82
1n32, 37660, 28149, 337, 8657, 517, 76.12, 0.78
1n77, 14544, 13147, 13, 1371, 13, 90.48, 0.66
1n78, 14523, 13104, 27, 1378, 14, 90.33, 0.65
1n8r, 58509, 38420, 204, 19241, 644, 66.77, 0.75
1nji, 58450, 38361, 214, 19211, 664, 66.77, 0.75
1nyb, 331, 220, 0, 111, 0, 66.47, 0.77
1o0b, 8206, 7475, 38, 665, 28, 91.43, 0.73
1o0c, 8220, 7556, 9, 655, 0, 91.92, 0.74
1ob5, 18657, 17276, 74, 1270, 37, 92.8, 0.73
1oln, 2105, 1751, 0, 354, 0, 83.18, 0.63
1ooa, 9625, 9002, 49, 551, 23, 93.77, 0.77
1pvo, 37309, 36631, 277, 365, 36, 98.28, 0.74
1q2r, 23206, 22266, 150, 733, 57, 96.19, 0.73
1q81, 58475, 38416, 228, 19205, 626, 66.77, 0.75
1q82, 58394, 38326, 196, 19168, 704, 66.84, 0.76
1q86, 58379, 38372, 158, 19260, 589, 66.74, 0.75
1qa6, 2047, 1455, 17, 564, 11, 71.62, 0.55
1qf6, 9944, 9283, 60, 586, 15, 93.5, 0.71
1qfq, 527, 345, 11, 164, 7, 66.79, 0.75
1qrs, 8186, 7452, 6, 725, 3, 91.07, 0.73
1qrt, 8189, 7419, 38, 700, 32, 90.99, 0.75
1qru, 8189, 7435, 10, 728, 16, 90.99, 0.76
1qtq, 8232, 7522, 41, 659, 10, 91.5, 0.74
1qu2, 14147, 13361, 68, 713, 5, 94.48, 0.7
1qu3, 13669, 12873, 76, 696, 24, 94.35, 0.69
1qvf, 58533, 38396, 189, 19302, 646, 66.7, 0.75
1qvg, 58485, 38362, 196, 19249, 678, 66.75, 0.75
1r3e, 4639, 4138, 20, 470, 11, 89.44, 0.67
1rc7, 3358, 3112, 0, 246, 0, 92.67, 0.71
1rkj, 2626, 2307, 0, 309, 10, 88.23, 0.82
1rlg, 3541, 3146, 11, 375, 9, 89.1, 0.78
1s03, 3889, 3357, 3, 528, 1, 86.35, 0.72
1s72, 59624, 39316, 179, 19463, 666, 67.06, 0.75
1sds, 4424, 3812, 37, 566, 9, 86.37, 0.72
1ser, 12331, 11901, 102, 319, 9, 96.59, 0.72
1t2r, 1805, 1643, 11, 151, 0, 91.02, 0.74
1t4l, 1381, 1116, 0, 263, 2, 80.96, 0.68
1tfw, 27248, 25814, 156, 1095, 183, 95.41, 0.87
1ttt, 18947, 17492, 86, 1359, 10, 92.37, 0.68
1u0b, 6350, 5691, 19, 623, 17, 89.89, 0.67
1u1y, 6009, 5700, 53, 255, 1, 94.87, 0.64
1un6, 3560, 2937, 25, 577, 21, 83.09, 0.69
1utd, 24302, 22907, 308, 764, 323, 95.59, 0.92
1vfg, 10894, 10389, 102, 388, 15, 95.5, 0.68
1vq4, 59578, 39312, 163, 19479, 624, 67.03, 0.75
1vq5, 59563, 39352, 157, 19474, 580, 67.04, 0.76
1vq6, 59607, 39315, 174, 19542, 576, 66.92, 0.76
1vq7, 59572, 39307, 156, 19504, 605, 67.0, 0.76
1vq8, 59600, 39419, 141, 19437, 603, 67.15, 0.76
1vq9, 59676, 39416, 157, 19513, 590, 67.04, 0.76
1vqk, 59595, 39309, 175, 19484, 627, 67.01, 0.76
1vql, 59679, 39369, 140, 19591, 579, 66.94, 0.75
1vqm, 59567, 39339, 150, 19450, 628, 67.1, 0.76
1vqn, 59717, 39410, 139, 19567, 601, 67.0, 0.76
1vqo, 59668, 39416, 132, 19484, 636, 67.12, 0.75
1vqp, 59637, 39349, 131, 19582, 575, 66.95, 0.76
1wmq, 4363, 3929, 38, 391, 5, 90.17, 0.63
1wpu, 4244, 3847, 7, 390, 0, 90.65, 0.61
1wrq, 4378, 3944, 49, 380, 5, 90.2, 0.62
1wsu, 7149, 6768, 17, 344, 20, 94.95, 0.75
1xmq, 37738, 28253, 291, 8634, 560, 76.35, 0.78
1xnq, 37728, 28159, 392, 8627, 550, 76.09, 0.78
1xnr, 37713, 28156, 393, 8618, 546, 76.11, 0.77
1xok, 440, 204, 0, 236, 0, 46.36, 0.66
1xpo, 38271, 37607, 213, 432, 19, 98.31, 0.71
1xpr, 38280, 37656, 197, 400, 27, 98.44, 0.72
1xpu, 38290, 37614, 242, 392, 42, 98.34, 0.72
1y39, 2270, 1686, 3, 570, 11, 74.76, 0.61
1yhq, 59673, 39360, 152, 19545, 616, 66.99, 0.76
1yi2, 59533, 39111, 212, 19562, 648, 66.78, 0.76
1yij, 59677, 39341, 178, 19574, 584, 66.9, 0.75
1yit, 59647, 39166, 224, 19491, 766, 66.95, 0.76
1yj9, 59561, 39354, 218, 19380, 609, 67.1, 0.76
1yjn, 59774, 39407, 173, 19555, 639, 67.0, 0.75
1yjw, 59591, 39073, 249, 19598, 671, 66.69, 0.76
1ytu, 12598, 12031, 60, 493, 14, 95.61, 0.79
1yvp, 16531, 15562, 88, 854, 27, 94.3, 0.76
1yyk, 6753, 6498, 31, 215, 9, 96.36, 0.71
1yyo, 6739, 6431, 70, 227, 11, 95.59, 0.75
1yyw, 13694, 13201, 109, 375, 9, 96.47, 0.68
1yz9, 6821, 6487, 45, 281, 8, 95.22, 0.68
1zdi, 6013, 5738, 40, 229, 6, 95.53, 0.71
1zdj, 5993, 5768, 34, 190, 1, 96.26, 0.76
1zdk, 5996, 5682, 44, 267, 3, 94.81, 0.69
1ze2, 7867, 6864, 77, 873, 53, 87.92, 0.7
1zho, 13972, 12079, 75, 1777, 41, 86.74, 0.73
1zjw, 8154, 7464, 23, 643, 24, 91.83, 0.72
1zl3, 4480, 4084, 2, 387, 7, 91.32, 0.69
1zse, 5909, 5684, 31, 194, 0, 96.19, 0.76
2a8v, 5395, 5175, 36, 175, 9, 96.09, 0.7
2a9x, 198, 59, 0, 139, 0, 29.8, 0.61
2ab4, 4557, 4152, 40, 363, 2, 91.16, 0.7
2asb, 3384, 3077, 5, 293, 9, 91.19, 0.58
2atw, 6900, 6159, 30, 697, 14, 89.46, 0.6
2b2d, 5947, 5664, 9, 263, 11, 95.43, 0.75
2b2e, 5948, 5512, 47, 363, 26, 93.11, 0.75
2b2g, 5902, 5501, 17, 383, 1, 93.22, 0.72
2b3j, 8838, 8025, 69, 659, 85, 91.76, 0.77
2b6g, 1187, 1100, 0, 87, 0, 92.67, 0.74
2bgg, 12327, 11766, 47, 493, 21, 95.62, 0.76
2bh2, 12808, 11682, 52, 1003, 71, 91.76, 0.78
2bny, 5936, 5564, 19, 353, 0, 93.73, 0.72
2bq5, 5967, 5555, 33, 361, 18, 93.4, 0.73
2bs0, 5959, 5643, 35, 269, 12, 94.9, 0.75
2bs1, 5951, 5655, 20, 259, 17, 95.31, 0.76
2bte, 27257, 25936, 113, 1207, 1, 95.16, 0.7
2bu1, 5963, 5585, 16, 358, 4, 93.73, 0.72
2bx2, 7047, 6882, 60, 103, 2, 97.69, 0.79
2c06, 3261, 3021, 0, 240, 0, 92.64, 0.69
2c0b, 6216, 5906, 79, 213, 18, 95.3, 0.75
2c4q, 5925, 5536, 25, 364, 0, 93.43, 0.7
2c4y, 5938, 5594, 18, 326, 0, 94.21, 0.72
2c4z, 5927, 5611, 15, 301, 0, 94.67, 0.72
2c50, 5947, 5582, 9, 356, 0, 93.86, 0.75
2c51, 5899, 5521, 16, 361, 1, 93.61, 0.74
2cjk, 2500, 2102, 5, 359, 34, 85.44, 0.76
2csx, 14420, 13576, 87, 755, 2, 94.16, 0.69
2ct8, 14429, 13668, 40, 707, 14, 94.82, 0.69
2cv0, 14534, 13152, 24, 1351, 7, 90.54, 0.67
2cv1, 14501, 13111, 23, 1359, 8, 90.47, 0.68
2cv2, 14477, 13117, 1, 1336, 23, 90.76, 0.66
2czj, 7603, 5784, 36, 1744, 39, 76.59, 0.68
2d6f, 28969, 28317, 143, 500, 9, 97.78, 0.7
2db3, 26024, 25003, 125, 868, 28, 96.18, 0.8
2der, 11034, 10281, 39, 714, 0, 93.18, 0.72
2dlc, 5200, 5092, 12, 96, 0, 97.92, 0.53
2dr5, 6678, 6252, 53, 341, 32, 94.1, 0.85
2dr7, 6645, 6260, 24, 318, 43, 94.85, 0.86
2dr8, 6739, 6270, 51, 389, 29, 93.47, 0.85
2dr9, 6708, 6243, 33, 394, 38, 93.63, 0.83
2dra, 6672, 6168, 44, 413, 47, 93.15, 0.87
2drb, 6656, 6120, 31, 453, 52, 92.73, 0.83
2du3, 15564, 15279, 80, 205, 0, 98.17, 0.64
2du4, 14462, 14189, 69, 201, 3, 98.13, 0.69
2dvi, 6647, 6182, 25, 383, 57, 93.86, 0.85
2dxi, 14500, 13132, 9, 1352, 7, 90.61, 0.66
2ese, 1240, 1081, 10, 148, 1, 87.26, 0.73
2ez6, 6738, 5948, 15, 766, 9, 88.41, 0.75
2f8k, 1167, 1051, 1, 111, 4, 90.4, 0.79
2f8s, 22069, 21688, 233, 137, 11, 98.32, 0.7
2f8t, 21997, 21599, 233, 143, 22, 98.29, 0.75
2fk6, 4685, 4440, 23, 222, 0, 94.77, 0.72
2fmt, 9735, 8849, 62, 809, 15, 91.05, 0.7
2gjw, 18765, 18126, 59, 572, 8, 96.64, 0.71
2hgh, 1318, 990, 3, 310, 15, 76.25, 0.73
2hvy, 8768, 8083, 27, 648, 10, 92.3, 0.67
2hw8, 3411, 3065, 17, 315, 14, 90.27, 0.73
2i2y, 2258, 2105, 21, 132, 0, 93.22, 0.76
2i82, 12468, 11103, 106, 1121, 138, 90.16, 0.75
2i91, 16195, 15046, 88, 1034, 27, 93.07, 0.78
2ix1, 10012, 9277, 81, 635, 19, 92.85, 0.75
2iy5, 17315, 16798, 92, 422, 3, 97.03, 0.62
2iz9, 5869, 5596, 47, 220, 6, 95.45, 0.68
2izm, 5917, 5575, 24, 313, 5, 94.3, 0.73
2izn, 5921, 5551, 29, 336, 5, 93.84, 0.75
2jea, 9982, 9720, 33, 217, 12, 97.5, 0.72
2jpp, 1623, 1025, 0, 570, 28, 64.88, 0.74
2jq7, 2041, 1626, 0, 415, 0, 79.67, 0.67
2kdq, 197, 46, 2, 140, 9, 27.92, 0.58
2kh9, 1225, 1064, 8, 146, 7, 87.43, 0.73
2km8, 3701, 3187, 17, 469, 28, 86.87, 0.75
2l3c, 1110, 876, 32, 198, 4, 79.28, 0.67
2l3j, 3709, 3273, 26, 410, 0, 88.24, 0.62
2l41, 1069, 948, 1, 119, 1, 88.77, 0.74
2lbs, 1369, 1101, 45, 218, 5, 80.79, 0.59
2lup, 1330, 1072, 20, 238, 0, 80.6, 0.6
2mf0, 5368, 3944, 16, 1356, 52, 74.44, 0.71
2mf1, 5495, 4041, 17, 1407, 30, 74.09, 0.72
2mfc, 1777, 1181, 3, 577, 16, 67.36, 0.72
2mfe, 1797, 1161, 4, 604, 28, 66.17, 0.68
2mff, 1792, 1222, 7, 556, 7, 68.58, 0.67
2mfg, 1778, 1248, 8, 522, 0, 70.19, 0.68
2mfh, 1780, 1333, 0, 440, 7, 75.28, 0.63
2mgz, 2986, 2535, 23, 400, 28, 85.83, 0.68
2mjh, 2108, 1666, 23, 419, 0, 79.03, 0.69
2mqo, 1537, 1333, 9, 182, 13, 87.57, 0.77
2mqp, 1730, 1481, 1, 238, 10, 86.18, 0.69
2mqq, 3271, 2747, 20, 479, 25, 84.74, 0.76
2nue, 6838, 6510, 57, 261, 10, 95.35, 0.73
2nuf, 6796, 6023, 18, 739, 16, 88.86, 0.74
2nug, 6702, 5845, 20, 827, 10, 87.36, 0.69
2otj, 59645, 39377, 157, 19512, 599, 67.02, 0.76
2otl, 59607, 39343, 157, 19479, 628, 67.06, 0.76
2pjp, 1757, 1587, 11, 153, 6, 90.67, 0.82
2ply, 5974, 5427, 11, 524, 12, 91.04, 0.69
2po1, 7689, 7488, 32, 169, 0, 97.39, 0.77
2pxb, 794, 624, 0, 170, 0, 78.59, 0.67
2pxd, 792, 623, 6, 160, 3, 79.04, 0.68
2pxe, 798, 637, 0, 161, 0, 79.82, 0.58
2pxf, 791, 626, 0, 165, 0, 79.14, 0.63
2pxk, 807, 641, 0, 166, 0, 79.43, 0.66
2pxl, 783, 618, 0, 165, 0, 78.93, 0.58
2pxp, 803, 636, 5, 155, 7, 80.07, 0.64
2pxq, 807, 646, 3, 151, 7, 80.92, 0.66
2pxt, 805, 646, 0, 159, 0, 80.25, 0.6
2pxu, 807, 633, 8, 166, 0, 78.44, 0.59
2pxv, 787, 617, 11, 159, 0, 78.4, 0.58
2q66, 7805, 7512, 28, 252, 13, 96.41, 0.8
2qa4, 61994, 41690, 182, 19516, 606, 68.23, 0.76
2qex, 59573, 39832, 162, 19006, 573, 67.82, 0.76
2qux, 22841, 20812, 132, 1791, 106, 91.58, 0.78
2r8s, 6647, 6184, 19, 444, 0, 93.03, 0.7
2rd2, 8155, 7474, 29, 630, 22, 91.92, 0.75
2re8, 8129, 7447, 20, 642, 20, 91.86, 0.75
2rfk, 7123, 6568, 97, 452, 6, 92.29, 0.65
2rs2, 1178, 952, 3, 212, 11, 81.75, 0.78
2rsk, 336, 94, 0, 242, 0, 27.98, 0.66
2ru3, 1474, 1231, 5, 222, 16, 84.6, 0.79
2ru7, 354, 149, 0, 205, 0, 42.09, 0.66
2uu9, 37717, 28053, 312, 8750, 602, 75.97, 0.8
2uua, 37716, 28148, 267, 8711, 590, 76.2, 0.8
2uwm, 5998, 5468, 3, 505, 22, 91.53, 0.65
2v3c, 15184, 13760, 127, 1286, 11, 90.69, 0.7
2vnu, 9830, 9276, 44, 472, 38, 94.75, 0.74
2vpl, 4113, 3449, 2, 662, 0, 83.86, 0.75
2vqe, 37569, 27947, 295, 8738, 589, 75.96, 0.79
2vqf, 37724, 28097, 346, 8622, 659, 76.23, 0.79
2x1a, 1168, 1114, 17, 34, 3, 95.63, 0.71
2x1f, 1304, 1239, 6, 57, 2, 95.17, 0.67
2xd0, 15073, 11962, 5, 3092, 14, 79.45, 0.71
2xdb, 2468, 2197, 0, 271, 0, 89.02, 0.71
2xfm, 1807, 1645, 19, 143, 0, 91.03, 0.67
2xgj, 25015, 24467, 148, 385, 15, 97.87, 0.76
2xli, 2374, 2219, 38, 108, 9, 93.85, 0.76
2xlj, 2522, 2305, 32, 171, 14, 91.95, 0.77
2xlk, 5579, 5104, 48, 395, 32, 92.06, 0.75
2xnr, 993, 902, 0, 91, 0, 90.84, 0.78
2xs2, 1165, 1005, 6, 140, 14, 87.47, 0.82
2xs5, 2410, 2043, 19, 314, 34, 86.18, 0.72
2xs7, 1188, 1041, 5, 124, 18, 89.14, 0.83
2y8w, 3237, 2788, 36, 381, 32, 87.12, 0.73
2y8y, 3055, 2772, 12, 271, 0, 90.74, 0.72
2y9h, 22867, 20294, 164, 2284, 125, 89.29, 0.77
2zh1, 6697, 6292, 60, 329, 16, 94.19, 0.84
2zh2, 6715, 6252, 47, 364, 52, 93.88, 0.84
2zh3, 6702, 6259, 28, 385, 30, 93.84, 0.84
2zh4, 6673, 6184, 36, 415, 38, 93.24, 0.8
2zh5, 6690, 6257, 30, 384, 19, 93.81, 0.85
2zh6, 6681, 6188, 51, 392, 50, 93.37, 0.87
2zh7, 6647, 6237, 53, 315, 42, 94.46, 0.82
2zh8, 6697, 6258, 25, 406, 8, 93.56, 0.84
2zh9, 6684, 6276, 59, 332, 17, 94.15, 0.87
2zha, 6675, 6237, 38, 360, 40, 94.04, 0.81
2zhb, 6646, 6181, 50, 398, 17, 93.26, 0.84
2zjr, 47860, 33093, 295, 13926, 546, 70.29, 0.71
2zm5, 9298, 8173, 13, 1078, 34, 88.27, 0.78
2zni, 8616, 7547, 33, 998, 38, 88.03, 0.72
2zue, 9646, 8943, 24, 672, 7, 92.78, 0.68
2zuf, 9617, 8919, 26, 665, 7, 92.81, 0.68
2zxu, 9502, 8332, 30, 1086, 54, 88.26, 0.77
2zzm, 4994, 4397, 11, 583, 3, 88.11, 0.68
2zzn, 10346, 9064, 40, 1214, 28, 87.88, 0.76
3a6p, 38829, 37468, 172, 1102, 87, 96.72, 0.79
3adb, 7621, 6783, 16, 809, 13, 89.17, 0.7
3adc, 7465, 6639, 9, 791, 26, 89.28, 0.68
3add, 7525, 6816, 9, 699, 1, 90.59, 0.69
3aev, 5269, 4992, 17, 254, 6, 94.86, 0.75
3ahu, 2868, 2647, 17, 204, 0, 92.29, 0.64
3akz, 28816, 25774, 116, 2893, 33, 89.56, 0.67
3am1, 3194, 2922, 0, 262, 10, 91.8, 0.72
3amt, 6121, 5568, 52, 487, 14, 91.19, 0.71
3amu, 6145, 5670, 29, 439, 7, 92.38, 0.72
3avt, 18566, 18193, 155, 202, 16, 98.08, 0.74
3avu, 18518, 17908, 71, 511, 28, 96.86, 0.69
3avv, 18491, 17731, 158, 585, 17, 95.98, 0.72
3avw, 18493, 17727, 181, 570, 15, 95.94, 0.75
3avx, 18508, 17804, 39, 656, 9, 96.24, 0.76
3avy, 18567, 17769, 95, 659, 44, 95.94, 0.75
3b0u, 9610, 9159, 163, 268, 20, 95.52, 0.74
3boy, 6784, 6022, 78, 684, 0, 88.77, 0.59
3bt7, 11201, 10617, 42, 521, 21, 94.97, 0.75
3bx2, 10053, 9350, 130, 364, 209, 95.09, 0.9
3bx3, 9604, 8954, 106, 364, 180, 95.11, 0.88
3cc2, 59576, 39230, 192, 19505, 649, 66.94, 0.76
3cc4, 59536, 39245, 173, 19527, 591, 66.91, 0.76
3cc7, 59652, 39374, 179, 19479, 620, 67.05, 0.76
3cce, 59667, 39331, 180, 19525, 631, 66.98, 0.76
3ccl, 59649, 39557, 194, 19264, 634, 67.38, 0.76
3ccm, 59610, 39273, 170, 19616, 551, 66.81, 0.76
3ccq, 59527, 39401, 160, 19237, 729, 67.41, 0.76
3ccr, 59640, 39438, 153, 19392, 657, 67.23, 0.76
3ccs, 59596, 39413, 168, 19380, 635, 67.2, 0.76
3ccu, 59486, 39243, 163, 19439, 641, 67.05, 0.76
3ccv, 59532, 39203, 169, 19500, 660, 66.96, 0.76
3cd6, 59671, 39496, 116, 19484, 575, 67.15, 0.76
3cma, 59269, 39020, 217, 19423, 609, 66.86, 0.75
3cme, 59302, 39009, 192, 19590, 511, 66.64, 0.75
3cpw, 58552, 38474, 195, 19211, 672, 66.86, 0.76
3cxc, 58520, 38476, 238, 19089, 717, 66.97, 0.75
3dh3, 14890, 13101, 26, 1689, 74, 88.48, 0.73
3eph, 12656, 11347, 53, 1226, 30, 89.89, 0.75
3epj, 12589, 11276, 80, 1183, 50, 89.97, 0.75
3foz, 9516, 8398, 19, 1072, 27, 88.54, 0.79
3fte, 3600, 3465, 0, 135, 0, 96.25, 0.72
3ftf, 3820, 3598, 8, 211, 3, 94.27, 0.75
3g6e, 59645, 39260, 174, 19600, 611, 66.85, 0.76
3g71, 59556, 39315, 152, 19532, 557, 66.95, 0.76
3g8t, 5352, 4273, 112, 654, 313, 85.69, 0.91
3g96, 5413, 4342, 98, 668, 305, 85.85, 0.91
3g9c, 5410, 4347, 117, 624, 322, 86.3, 0.91
3gib, 2847, 2517, 6, 316, 8, 88.69, 0.71
3hax, 7647, 6720, 26, 874, 27, 88.23, 0.68
3hjw, 7688, 6806, 10, 863, 9, 88.64, 0.7
3hsb, 6064, 5708, 65, 291, 0, 94.13, 0.69
3htx, 24497, 22974, 115, 1378, 30, 93.91, 0.76
3i56, 59683, 39475, 143, 19503, 562, 67.08, 0.76
3i5x, 7445, 7091, 18, 333, 3, 95.29, 0.75
3i5y, 7408, 7074, 28, 299, 7, 95.59, 0.76
3i61, 7468, 7076, 32, 349, 11, 94.9, 0.76
3i62, 7457, 7090, 22, 344, 1, 95.09, 0.78
3iab, 3875, 3213, 30, 623, 9, 83.15, 0.74
3ice, 36656, 36202, 198, 247, 9, 98.79, 0.75
3ie1, 26650, 25472, 112, 986, 80, 95.88, 0.75
3iev, 4639, 4353, 25, 251, 10, 94.05, 0.74
3irw, 1390, 1093, 29, 201, 67, 83.45, 0.85
3ivk, 13687, 13050, 11, 622, 4, 95.38, 0.76
3k49, 16099, 14852, 192, 602, 453, 95.07, 0.9
3k5q, 6137, 5760, 88, 161, 128, 95.94, 0.87
3k5y, 6077, 5713, 63, 185, 116, 95.92, 0.89
3k5z, 6010, 5675, 52, 174, 109, 96.24, 0.85
3k61, 5985, 5646, 62, 177, 100, 96.01, 0.88
3k62, 6101, 5756, 60, 172, 113, 96.2, 0.88
3k64, 6096, 5738, 63, 203, 92, 95.64, 0.88
3kfu, 52479, 50002, 180, 2275, 22, 95.32, 0.7
3lqx, 813, 644, 0, 169, 0, 79.21, 0.6
3lwo, 7552, 6677, 44, 821, 10, 88.55, 0.7
3lwp, 7504, 6673, 27, 791, 13, 89.1, 0.68
3lwq, 7514, 6711, 20, 772, 11, 89.46, 0.68
3lwr, 7500, 6700, 19, 774, 7, 89.43, 0.71
3lwv, 7535, 6780, 27, 716, 12, 90.14, 0.69
3m7n, 31921, 31065, 147, 697, 12, 97.36, 0.79
3m85, 31915, 31067, 250, 584, 14, 97.39, 0.77
3mj0, 1738, 1666, 8, 64, 0, 95.86, 0.75
3moj, 1157, 935, 8, 210, 4, 81.16, 0.62
3mqk, 7011, 6697, 42, 264, 8, 95.64, 0.58
3ndb, 7841, 7239, 57, 525, 20, 92.58, 0.71
3nmu, 22303, 21016, 74, 1163, 50, 94.45, 0.75
3nvi, 11460, 10382, 21, 1019, 38, 90.92, 0.75
3oij, 6570, 5968, 48, 526, 28, 91.26, 0.76
3oin, 6491, 6161, 60, 270, 0, 94.92, 0.76
3ouy, 13519, 12408, 88, 916, 107, 92.57, 0.82
3ov7, 13460, 12525, 68, 781, 86, 93.69, 0.83
3ova, 6574, 6094, 48, 371, 61, 93.63, 0.86
3ovb, 13485, 12432, 38, 927, 88, 92.84, 0.83
3ovs, 13532, 12519, 119, 834, 60, 92.96, 0.86
3ow2, 58472, 38462, 193, 19113, 704, 66.98, 0.76
3pew, 5831, 5606, 19, 202, 4, 96.21, 0.82
3pey, 5927, 5700, 6, 200, 21, 96.52, 0.79
3pf4, 1939, 1818, 14, 106, 1, 93.81, 0.74
3pf5, 1964, 1839, 15, 103, 7, 93.99, 0.74
3pkm, 7003, 6464, 15, 513, 11, 92.46, 0.76
3qg9, 6086, 5687, 92, 199, 108, 95.22, 0.86
3qgb, 6099, 5741, 56, 207, 95, 95.69, 0.87
3qgc, 6122, 5733, 77, 217, 95, 95.2, 0.86
3qjj, 7405, 6643, 65, 663, 34, 90.17, 0.75
3qjl, 7374, 6505, 43, 768, 58, 89.0, 0.76
3qrp, 3233, 2876, 48, 309, 0, 88.96, 0.79
3qrr, 3089, 2928, 40, 111, 10, 95.11, 0.79
3qsu, 12963, 12564, 136, 261, 2, 96.94, 0.67
3r2c, 6719, 6011, 61, 624, 23, 89.81, 0.65
3r2d, 6505, 6111, 46, 339, 9, 94.08, 0.74
3r9w, 4653, 4318, 16, 309, 10, 93.02, 0.71
3r9x, 8221, 7704, 26, 483, 8, 93.81, 0.74
3rer, 5516, 5179, 22, 314, 1, 93.91, 0.74
3rtj, 7706, 7546, 42, 118, 0, 97.92, 0.47
3sn2, 13021, 12425, 37, 549, 10, 95.5, 0.7
3snp, 26233, 25309, 53, 825, 46, 96.65, 0.78
3sqw, 7470, 7178, 21, 267, 4, 96.14, 0.77
3sqx, 7456, 7178, 20, 258, 0, 96.27, 0.8
3t1h, 37755, 28152, 336, 8839, 428, 75.7, 0.78
3t1y, 37741, 28164, 334, 8692, 551, 76.08, 0.78
3t3o, 8471, 8387, 64, 20, 0, 99.01, 0.79
3t5n, 4076, 3820, 2, 245, 9, 93.94, 0.72
3t5q, 27001, 25090, 64, 1797, 50, 93.11, 0.69
3trz, 12081, 9711, 64, 2149, 157, 81.68, 0.72
3ts0, 4129, 3302, 25, 762, 40, 80.94, 0.76
3ts2, 4180, 3475, 10, 677, 18, 83.56, 0.73
3tup, 6275, 5912, 23, 339, 1, 94.23, 0.7
3u2e, 7633, 7281, 9, 325, 18, 95.62, 0.64
3u4m, 3436, 3047, 15, 357, 17, 89.17, 0.72
3u56, 3472, 3045, 14, 407, 6, 87.87, 0.74
3umy, 3442, 2975, 32, 428, 7, 86.64, 0.76
3v6y, 6021, 5600, 100, 191, 130, 95.17, 0.84
3v71, 5540, 5211, 107, 165, 57, 95.09, 0.86
3v74, 6028, 5632, 75, 205, 116, 95.36, 0.85
3v7e, 1621, 1364, 4, 250, 3, 84.33, 0.63
3vjr, 5927, 5398, 34, 483, 12, 91.28, 0.75
3vnv, 18528, 17963, 75, 462, 28, 97.1, 0.72
3w3s, 8072, 7776, 72, 214, 10, 96.46, 0.72
3wbm, 5220, 4813, 51, 339, 17, 92.53, 0.82
3wzi, 3231, 2989, 24, 218, 0, 92.51, 0.58
3zgz, 26861, 25057, 28, 1775, 1, 93.29, 0.73
3zjt, 12644, 11932, 44, 663, 5, 94.41, 0.74
3zju, 12619, 11928, 67, 586, 38, 94.83, 0.72
3zjv, 12487, 11880, 25, 582, 0, 95.14, 0.72
484d, 251, 68, 6, 147, 30, 39.04, 0.62
4al5, 2590, 2250, 5, 315, 20, 87.64, 0.76
4al6, 2085, 1929, 16, 130, 10, 93.0, 0.75
4al7, 2110, 1957, 11, 142, 0, 92.75, 0.72
4am3, 27539, 27044, 110, 362, 23, 98.29, 0.76
4aq7, 26796, 24996, 32, 1738, 30, 93.39, 0.75
4arc, 12531, 11826, 85, 589, 31, 94.62, 0.72
4ari, 12643, 11912, 65, 635, 31, 94.46, 0.75
4as1, 12506, 11897, 35, 574, 0, 95.13, 0.74
4ato, 2503, 2202, 6, 284, 11, 88.41, 0.78
4b3m, 37649, 28036, 345, 8720, 548, 75.92, 0.78
4b3r, 37710, 28074, 359, 8774, 503, 75.78, 0.78
4b3s, 37713, 28074, 357, 8806, 476, 75.7, 0.77
4b3t, 37745, 28107, 344, 8790, 504, 75.8, 0.78
4ba2, 10318, 10040, 44, 234, 0, 97.31, 0.77
4bw0, 1746, 1550, 2, 194, 0, 88.77, 0.74
4by9, 44753, 40586, 172, 3828, 167, 91.06, 0.76
4c4w, 9276, 8268, 106, 688, 214, 91.44, 0.84
4c7o, 17565, 17088, 56, 415, 6, 97.32, 0.66
4c8y, 7183, 6781, 35, 359, 8, 94.51, 0.63
4c8z, 7170, 6792, 51, 327, 0, 94.73, 0.68
4c9d, 8134, 7431, 29, 674, 0, 91.36, 0.64
4cio, 1394, 1194, 3, 168, 29, 87.73, 0.69
4cqn, 26698, 24780, 87, 1810, 21, 92.89, 0.75
4d25, 6525, 6257, 25, 236, 7, 96.0, 0.79
4d26, 6582, 6271, 61, 241, 9, 95.41, 0.78
4db2, 14447, 13158, 15, 1240, 34, 91.31, 0.7
4dzs, 10029, 9328, 114, 429, 158, 94.59, 0.89
4ejt, 4229, 4187, 33, 9, 0, 99.01, 0.46
4erd, 3224, 2903, 4, 313, 4, 90.17, 0.77
4f1n, 27430, 26517, 103, 784, 26, 96.77, 0.76
4gcw, 4709, 4472, 8, 229, 0, 94.97, 0.71
4i67, 1039, 916, 21, 102, 0, 88.16, 0.56
4ifd, 50955, 49967, 258, 713, 17, 98.09, 0.73
4ii9, 5087, 4995, 26, 65, 1, 98.21, 0.82
4ill, 8547, 7613, 45, 854, 35, 89.48, 0.73
4ilm, 34515, 30781, 298, 3280, 156, 89.63, 0.73
4ji1, 37515, 28090, 382, 8417, 626, 76.55, 0.77
4jvy, 5836, 5381, 49, 385, 21, 92.56, 0.76
4jxx, 8037, 7306, 43, 672, 16, 91.1, 0.74
4jyz, 8096, 7450, 31, 594, 21, 92.28, 0.74
4jzu, 4659, 4630, 23, 6, 0, 99.38, 0.85
4jzv, 4577, 4489, 20, 58, 10, 98.3, 0.74
4khp, 37586, 28104, 301, 8676, 505, 76.12, 0.77
4kr6, 11926, 11034, 46, 839, 7, 92.58, 0.71
4kre, 12241, 11552, 140, 447, 102, 95.2, 0.84
4kxt, 12428, 11766, 133, 432, 97, 95.45, 0.84
4kzd, 6785, 6578, 15, 169, 23, 97.29, 0.88
4kze, 6855, 6657, 14, 170, 14, 97.32, 0.87
4l8h, 3617, 3322, 21, 261, 13, 92.2, 0.82
4lf7, 37392, 28023, 291, 8518, 560, 76.44, 0.79
4lf8, 37392, 28023, 291, 8518, 560, 76.44, 0.79
4lfb, 37542, 28155, 341, 8426, 620, 76.65, 0.77
4lgt, 7507, 6406, 36, 1025, 40, 85.87, 0.71
4lj0, 1876, 1569, 37, 264, 6, 83.96, 0.58
4m2z, 6783, 5889, 9, 880, 5, 86.89, 0.72
4m30, 6782, 5862, 36, 879, 5, 86.51, 0.71
4m4o, 1946, 1841, 3, 102, 0, 94.6, 0.68
4m59, 20431, 19092, 91, 1209, 39, 93.64, 0.73
4m6d, 12154, 11022, 104, 1019, 9, 90.76, 0.7
4m7a, 15496, 14976, 35, 475, 10, 96.71, 0.73
4m7d, 15722, 15243, 36, 422, 21, 97.09, 0.73
4mdx, 3483, 3203, 14, 266, 0, 91.96, 0.7
4n0t, 5585, 4880, 44, 609, 52, 88.31, 0.73
4n2q, 2978, 2869, 6, 103, 0, 96.34, 0.52
4n2s, 2952, 2858, 1, 84, 9, 97.12, 0.63
4nku, 9660, 9288, 57, 311, 4, 96.19, 0.68
4nl3, 12866, 12208, 95, 533, 30, 95.12, 0.69
4o26, 7380, 6681, 109, 578, 12, 90.69, 0.63
4o8j, 10436, 9850, 45, 448, 93, 95.28, 0.81
4oe1, 20388, 19060, 85, 1198, 45, 93.71, 0.73
4ohy, 5972, 5834, 28, 96, 14, 97.92, 0.73
4ohz, 6107, 5965, 10, 132, 0, 97.67, 0.71
4oi0, 5983, 5828, 30, 118, 7, 97.53, 0.72
4oi1, 5933, 5800, 18, 115, 0, 97.76, 0.69
4oog, 7417, 6927, 41, 426, 23, 93.7, 0.72
4pkd, 3517, 2808, 58, 514, 137, 83.74, 0.79
4pmw, 21565, 19892, 84, 1516, 73, 92.58, 0.72
4qg3, 3458, 3049, 27, 381, 1, 88.2, 0.74
4qi2, 9597, 8697, 26, 874, 0, 90.62, 0.74
4qm6, 5165, 4757, 30, 374, 4, 92.18, 0.71
4qqb, 7463, 6314, 57, 924, 168, 86.86, 0.8
4qvc, 5502, 5369, 37, 95, 1, 97.6, 0.73
4qvd, 5462, 5264, 64, 127, 7, 96.5, 0.72
4qvi, 3472, 3059, 36, 371, 6, 88.28, 0.75
4rdx, 6285, 5806, 22, 434, 23, 92.74, 0.74
4rwo, 5278, 4886, 15, 377, 0, 92.57, 0.66
4s2x, 2148, 2053, 0, 95, 0, 95.58, 0.71
4s2y, 2176, 2105, 8, 63, 0, 96.74, 0.76
4s3n, 5206, 4852, 32, 322, 0, 93.2, 0.67
4tyw, 7449, 7034, 32, 373, 10, 94.56, 0.72
4tyy, 7174, 6775, 25, 373, 1, 94.45, 0.7
4tz0, 7256, 6878, 28, 338, 12, 94.96, 0.77
4u7u, 102809, 97788, 354, 4485, 182, 95.29, 0.75
4u8t, 14224, 12842, 180, 1143, 59, 90.7, 0.7
4w90, 919, 779, 0, 122, 18, 86.72, 0.88
4wan, 7244, 6152, 43, 1033, 16, 85.15, 0.7
4wc2, 5557, 5235, 32, 289, 1, 94.22, 0.77
4wc3, 5617, 5233, 27, 348, 9, 93.32, 0.77
4wc7, 5608, 5269, 58, 273, 8, 94.1, 0.75
4x9e, 44723, 44044, 396, 263, 20, 98.53, 0.71
4xco, 6575, 5293, 31, 1242, 9, 80.64, 0.67
4xjn, 80183, 76173, 346, 3477, 187, 95.23, 0.76
4yco, 14333, 13142, 52, 1118, 21, 91.84, 0.74
4ycp, 4588, 4240, 13, 324, 11, 92.65, 0.78
4yvi, 7544, 7141, 26, 377, 0, 94.66, 0.74
4yvj, 7569, 7202, 13, 345, 9, 95.27, 0.68
4yvk, 7569, 7206, 18, 337, 8, 95.31, 0.67
4yye, 12080, 11044, 48, 979, 9, 91.5, 0.74
4zt0, 37251, 34361, 230, 2546, 114, 92.55, 0.75
4zt9, 34546, 31677, 173, 2570, 126, 92.06, 0.74
5a0t, 13895, 13085, 66, 690, 54, 94.56, 0.78
5a0v, 13971, 13276, 41, 602, 52, 95.4, 0.78
5ah5, 24298, 22975, 43, 1248, 32, 94.69, 0.71
5axm, 6957, 6497, 79, 372, 9, 93.52, 0.69
5axn, 7071, 6616, 103, 333, 19, 93.83, 0.73
5b63, 17285, 16221, 50, 981, 33, 94.04, 0.77
5bs3, 20286, 19261, 101, 885, 39, 95.14, 0.77
5bud, 11960, 11572, 21, 367, 0, 96.76, 0.69
5c9h, 6598, 6110, 25, 459, 4, 92.66, 0.68
5d0a, 23292, 22850, 188, 246, 8, 98.14, 0.79
5d0b, 11683, 11436, 105, 134, 8, 97.95, 0.8
5d8h, 5534, 4938, 3, 579, 14, 89.48, 0.67
5dar, 10589, 9273, 46, 1237, 33, 87.88, 0.71
5dm6, 55141, 38345, 285, 16001, 510, 70.46, 0.72
5dm7, 55231, 38455, 226, 16003, 547, 70.62, 0.73
5dno, 2396, 2204, 7, 185, 0, 91.99, 0.72
5do4, 4287, 4092, 9, 165, 21, 95.94, 0.86
5ed1, 12074, 11611, 123, 312, 28, 96.4, 0.76
5elh, 4282, 4062, 51, 161, 8, 95.05, 0.57
5elk, 1735, 1529, 32, 174, 0, 88.13, 0.52
5elx, 5876, 5648, 9, 213, 6, 96.22, 0.8
5ex7, 4093, 3895, 4, 194, 0, 95.16, 0.71
5f5f, 9250, 8002, 18, 1219, 11, 86.63, 0.71
5f5h, 4570, 4156, 27, 381, 6, 91.07, 0.75
5f6c, 15419, 15073, 88, 251, 7, 97.8, 0.75
5fj4, 9465, 8487, 72, 779, 127, 91.01, 0.78
5g4u, 11072, 9914, 41, 1102, 15, 89.68, 0.77
5g4v, 7263, 6411, 19, 785, 48, 88.93, 0.75
5gip, 45329, 41147, 134, 3963, 85, 90.96, 0.77
5guh, 10548, 10205, 48, 291, 4, 96.79, 0.69
5hc9, 13044, 12104, 75, 856, 9, 92.86, 0.75
5hjz, 3366, 3200, 9, 157, 0, 95.07, 0.75
5hk0, 6486, 6253, 92, 141, 0, 96.41, 0.72
5hkc, 3379, 3304, 39, 32, 4, 97.9, 0.74
5hp2, 12061, 11614, 89, 344, 14, 96.41, 0.75
5hp3, 11994, 11526, 112, 318, 38, 96.41, 0.77
5hr6, 10834, 9773, 47, 935, 79, 90.94, 0.76
5hr7, 11204, 10176, 29, 948, 51, 91.28, 0.74
5jaj, 10101, 9367, 46, 657, 31, 93.04, 0.83
5jc3, 20689, 19482, 101, 1083, 23, 94.28, 0.75
5jc7, 19969, 18686, 93, 1149, 41, 93.78, 0.78
5jcf, 20476, 19289, 100, 1064, 23, 94.32, 0.78
5jrc, 11186, 11004, 0, 182, 0, 98.37, 0.71
5k77, 27096, 25972, 71, 998, 55, 96.05, 0.81
5k78, 27131, 26475, 114, 506, 36, 97.71, 0.79
5kal, 9885, 9531, 41, 301, 12, 96.54, 0.77
5kla, 5040, 4572, 89, 210, 169, 94.07, 0.92
5l2l, 4425, 2920, 44, 1203, 258, 71.82, 0.71
5m0i, 14860, 14271, 15, 558, 16, 96.14, 0.84
5m0j, 15615, 14929, 15, 642, 29, 95.79, 0.84
5msf, 6004, 5690, 67, 238, 9, 94.92, 0.62
5new, 1896, 1605, 11, 277, 3, 84.81, 0.67
5npm, 3198, 2882, 26, 285, 5, 90.28, 0.75
5ns3, 4162, 3548, 12, 587, 15, 85.61, 0.74
5ns4, 4386, 3764, 3, 612, 7, 85.98, 0.75
5o1y, 2341, 2178, 11, 99, 53, 95.3, 0.84
5o7h, 21022, 18850, 147, 1939, 86, 90.08, 0.72
5omw, 26782, 24962, 45, 1759, 16, 93.26, 0.75
5on2, 26732, 24855, 49, 1802, 26, 93.08, 0.74
5on3, 26615, 24850, 60, 1685, 20, 93.44, 0.77
5onh, 26754, 24924, 46, 1773, 11, 93.2, 0.76
5osg, 3172, 2382, 42, 702, 46, 76.54, 0.74
5sze, 1009, 957, 5, 47, 0, 94.85, 0.58
5t16, 31440, 29150, 156, 2060, 74, 92.95, 0.75
5t8y, 11411, 11184, 131, 96, 0, 98.01, 0.82
5tf6, 11368, 9880, 91, 1292, 105, 87.83, 0.74
5the, 31968, 30515, 153, 1258, 42, 95.59, 0.74
5ud5, 2697, 1882, 27, 759, 29, 70.86, 0.73
5udi, 7025, 6710, 50, 245, 20, 95.8, 0.74
5udj, 7080, 6765, 50, 252, 13, 95.73, 0.77
5udk, 7064, 6754, 51, 247, 12, 95.78, 0.77
5udl, 7068, 6775, 33, 242, 18, 96.11, 0.77
5v6x, 2616, 1854, 9, 713, 40, 72.4, 0.72
5vsu, 14840, 13723, 126, 915, 76, 92.99, 0.75
5vw1, 21735, 20187, 136, 1353, 59, 93.15, 0.76
5w1h, 20165, 18588, 64, 1456, 57, 92.46, 0.75
5w1i, 40508, 37575, 151, 2634, 148, 93.12, 0.75
5w5h, 14021, 13456, 40, 507, 18, 96.1, 0.77
5w5i, 13582, 13041, 10, 524, 7, 96.07, 0.76
5wlh, 19970, 18288, 88, 1539, 55, 91.85, 0.75
5wqe, 14385, 13310, 109, 945, 21, 92.67, 0.7
5ws2, 14277, 13383, 84, 752, 58, 94.14, 0.82
5wt1, 8533, 7424, 49, 994, 66, 87.78, 0.78
5wtk, 16933, 15687, 79, 1125, 42, 92.89, 0.72
5wty, 17014, 16124, 75, 700, 115, 95.44, 0.84
5x3z, 1376, 1119, 4, 225, 28, 83.36, 0.81
5x6b, 15243, 14649, 35, 546, 13, 96.19, 0.72
5xbl, 20293, 18561, 109, 1573, 50, 91.71, 0.73
5xj2, 27553, 27174, 204, 173, 2, 98.63, 0.73
5xtm, 3723, 3258, 3, 458, 4, 87.62, 0.79
5xym, 49214, 33067, 328, 15104, 715, 68.64, 0.74
5y58, 52380, 50528, 206, 1574, 72, 96.6, 0.75
5y7m, 3888, 3167, 0, 721, 0, 81.46, 0.68
5yyn, 17285, 16221, 50, 981, 33, 94.04, 0.77
5z4a, 5312, 5042, 17, 236, 17, 95.24, 0.68
5z4d, 5317, 5018, 31, 249, 19, 94.73, 0.71
5z4j, 5264, 4984, 30, 239, 11, 94.89, 0.71
5z98, 5626, 5382, 90, 133, 21, 96.04, 0.87
5z9x, 4241, 4070, 2, 162, 7, 96.13, 0.77
5zq0, 6871, 6517, 64, 267, 23, 95.18, 0.73
5zq1, 6862, 6548, 51, 235, 28, 95.83, 0.78
5zq8, 12852, 12121, 86, 607, 38, 94.61, 0.78
5zw4, 3242, 3129, 11, 96, 6, 96.7, 0.88
6aso, 13931, 12920, 92, 880, 39, 93.02, 0.77
6az1, 70654, 53243, 562, 16038, 811, 76.51, 0.75
6b46, 32745, 30602, 160, 1923, 60, 93.64, 0.71
6bjg, 4367, 3706, 43, 547, 71, 86.49, 0.85
6bjh, 4380, 3743, 23, 561, 53, 86.67, 0.81
6bjv, 4521, 3855, 38, 563, 65, 86.71, 0.85
6c4h, 2898, 1182, 23, 1646, 47, 42.41, 0.67
6cbd, 12120, 11191, 116, 632, 181, 93.83, 0.87
6d1v, 6620, 6503, 25, 87, 5, 98.31, 0.74
6e4p, 9486, 9238, 78, 168, 2, 97.41, 0.59
6f3h, 21250, 20540, 73, 637, 0, 96.66, 0.68
6f4g, 8262, 7612, 33, 504, 113, 93.5, 0.89
6f4h, 4271, 3480, 48, 557, 186, 85.83, 0.88
6fpq, 2527, 2336, 6, 184, 1, 92.48, 0.7
6fpx, 8011, 7344, 32, 632, 3, 91.71, 0.71
6fq3, 5853, 5648, 48, 135, 22, 96.87, 0.9
6fql, 5832, 5645, 35, 126, 26, 97.24, 0.91
6h9h, 7789, 6750, 39, 918, 82, 87.71, 0.77
6h9i, 7790, 6660, 51, 1021, 58, 86.24, 0.76
6hct, 5332, 4744, 0, 581, 7, 89.1, 0.75
6hma, 44131, 30102, 273, 13232, 524, 69.4, 0.73
6i0t, 5267, 5036, 29, 190, 12, 95.84, 0.67
6i0u, 5342, 5065, 22, 249, 6, 94.93, 0.72
6i0v, 5256, 4963, 17, 263, 13, 94.67, 0.72
6ifl, 32913, 30018, 93, 2703, 99, 91.5, 0.76
6ifn, 31269, 29456, 152, 1612, 49, 94.36, 0.72
6msf, 6035, 5769, 55, 203, 8, 95.72, 0.66
6mur, 31258, 29223, 137, 1825, 73, 93.72, 0.74
6mut, 30424, 28757, 125, 1490, 52, 94.69, 0.72
6muu, 30383, 28839, 145, 1340, 59, 95.11, 0.71
7msf, 6018, 5748, 49, 217, 4, 95.58, 0.68
